{"cameraMode":{"drawMode":0,"name":"Shaded","section":"Shading Mode"},"sceneLighting":true,"audioPlay":false,"sceneViewState":{"m_AlwaysRefresh":false,"showFog":true,"showSkybox":true,"showFlares":true,"showImageEffects":true,"showParticleSystems":true,"showVisualEffectGraphs":true,"m_FxEnabled":true},"in2DMode":false,"pivot":{"x":7.255798816680908,"y":1.0076203346252442,"z":2.0399997234344484},"rotation":{"x":-0.07574229687452316,"y":-0.30001604557037356,"z":0.023882554844021798,"w":-0.950645923614502},"size":4.3644208908081059,"orthographic":false}