{"cameraMode":{"drawMode":0,"name":"Shaded","section":"Shading Mode"},"sceneLighting":true,"audioPlay":false,"sceneViewState":{"m_AlwaysRefresh":false,"showFog":true,"showSkybox":true,"showFlares":true,"showImageEffects":true,"showParticleSystems":true,"showVisualEffectGraphs":true,"m_FxEnabled":true},"in2DMode":false,"pivot":{"x":0.46872058510780337,"y":-0.5758516788482666,"z":3.6416068077087404},"rotation":{"x":0.24785740673542024,"y":0.01656991057097912,"z":-0.004228873178362846,"w":0.9686673879623413},"size":2.94480037689209,"orthographic":false}